Nome,Frabricante,Serial,Status,Entidade
CHROMEBOOK,122,09WZ9QAT832563,1,1
CHROMEBOOK,122,09WZ9QAT833487,1,1
CHROMEBOOK,122,09WZ9QAT833539,1,1
CHROMEBOOK,122,09WZ9QAT833563,1,1
CHROMEBOOK,122,09WZ9QAT833760,1,1
CHROMEBOOK,122,09WZ9QAT833821,1,1
CHROMEBOOK,122,09WZ9QAT834200,1,1
CHROMEBOOK,122,09WZ9QAT834843,1,1
CHROMEBOOK,122,09WZ9QAT834875,1,1
CHROMEBOOK,122,09WZ9QAT834919,1,1
CHROMEBOOK,122,09WZ9QAT834928,1,1
CHROMEBOOK,122,09WZ9QAT834941,1,1
CHROMEBOOK,122,09WZ9QAT835108,1,1
CHROMEBOOK,122,09WZ9QAT835120,1,1
CHROMEBOOK,122,09WZ9QAT835191,1,1
CHROMEBOOK,122,09WZ9QAT835213,1,1
CHROMEBOOK,122,09WZ9QAT835222,1,1
CHROMEBOOK,122,09WZ9QAT835244,1,1
CHROMEBOOK,122,09WZ9QAT835260,1,1
CHROMEBOOK,122,09WZ9QAT835293,1,1
CHROMEBOOK,122,09WZ9QAT835349,1,1
CHROMEBOOK,122,09WZ9QAT835351,1,1
CHROMEBOOK,122,09WZ9QAT835390,1,1
CHROMEBOOK,122,09WZ9QAT835409,1,1
CHROMEBOOK,122,09WZ9QAT835435,1,1
CHROMEBOOK,122,09WZ9QAT835451,1,1
CHROMEBOOK,122,09WZ9QAT835497,1,1
CHROMEBOOK,122,09WZ9QAT835510,1,1
CHROMEBOOK,122,09WZ9QAT835523,1,1
CHROMEBOOK,122,09WZ9QAT835528,1,1
CHROMEBOOK,122,09WZ9QAT835568,1,1
CHROMEBOOK,122,09WZ9QAT835607,1,1
CHROMEBOOK,122,09WZ9QAT835610,1,1
CHROMEBOOK,122,09WZ9QAT835700,1,1
CHROMEBOOK,122,09WZ9QAT835705,1,1
CHROMEBOOK,122,09WZ9QAT835941,1,1
CHROMEBOOK,122,09WZ9QAT835984,1,1
CHROMEBOOK,122,09WZ9QAT836094,1,1
CHROMEBOOK,122,09WZ9QAT836099,1,1
CHROMEBOOK,122,09WZ9QAT836126,1,1
CHROMEBOOK,122,09WZ9QAT836139,1,1
CHROMEBOOK,122,09WZ9QAT836141,1,1
CHROMEBOOK,122,09WZ9QAT836142,1,1
CHROMEBOOK,122,09WZ9QAT836151,1,1
CHROMEBOOK,122,09WZ9QAT836152,1,1
CHROMEBOOK,122,09WZ9QAT836155,1,1
CHROMEBOOK,122,09WZ9QAT836159,1,1
CHROMEBOOK,122,09WZ9QAT836160,1,1
CHROMEBOOK,122,09WZ9QAT836161,1,1
CHROMEBOOK,122,09WZ9QAT836163,1,1
CHROMEBOOK,122,09WZ9QAT836167,1,1
CHROMEBOOK,122,09WZ9QAT836168,1,1
CHROMEBOOK,122,09WZ9QAT836175,1,1
CHROMEBOOK,122,09WZ9QAT836182,1,1
CHROMEBOOK,122,09WZ9QAT836184,1,1
CHROMEBOOK,122,09WZ9QAT836185,1,1
CHROMEBOOK,122,09WZ9QAT836186,1,1
CHROMEBOOK,122,09WZ9QAT836200,1,1
CHROMEBOOK,122,09WZ9QAT836206,1,1
CHROMEBOOK,122,09WZ9QAT836212,1,1
CHROMEBOOK,122,09WZ9QAT836221,1,1
CHROMEBOOK,122,09WZ9QAT836224,1,1
CHROMEBOOK,122,09WZ9QAT836225,1,1
CHROMEBOOK,122,09WZ9QAT836228,1,1
CHROMEBOOK,122,09WZ9QAT836248,1,1
CHROMEBOOK,122,09WZ9QAT836282,1,1
CHROMEBOOK,122,09WZ9QAT836286,1,1
CHROMEBOOK,122,09WZ9QAT836290,1,1
CHROMEBOOK,122,09WZ9QAT836291,1,1
CHROMEBOOK,122,09WZ9QAT836301,1,1
CHROMEBOOK,122,09WZ9QAT836304,1,1
CHROMEBOOK,122,09WZ9QAT836324,1,1
CHROMEBOOK,122,09WZ9QAT836325,1,1
CHROMEBOOK,122,09WZ9QAT836326,1,1
CHROMEBOOK,122,09WZ9QAT836327,1,1
CHROMEBOOK,122,09WZ9QAT836329,1,1
CHROMEBOOK,122,09WZ9QAT836332,1,1
CHROMEBOOK,122,09WZ9QAT836333,1,1
CHROMEBOOK,122,09WZ9QAT836156,1,131
CHROMEBOOK,122,09WZ9QAT836342,1,1
CHROMEBOOK,122,09WZ9QAT836343,1,1
CHROMEBOOK,122,09WZ9QAT836346,1,1
CHROMEBOOK,122,09WZ9QAT836348,1,1
CHROMEBOOK,122,09WZ9QAT836353,1,131
CHROMEBOOK,122,09WZ9QAT836349,1,1
CHROMEBOOK,122,09WZ9QAT836350,1,1
CHROMEBOOK,122,09WZ9QAT836352,1,1
CHROMEBOOK,122,09WZ9QAT836354,1,1
CHROMEBOOK,122,09WZ9QAT835552,1,131
CHROMEBOOK,122,09WZ9QAT836359,1,1
CHROMEBOOK,122,09WZ9QAT836360,1,1
CHROMEBOOK,122,09WZ9QAT836361,1,1
CHROMEBOOK,122,09WZ9QAT836362,1,1
CHROMEBOOK,122,09WZ9QAT836369,1,1
CHROMEBOOK,122,09WZ9QAT833775,1,131
CHROMEBOOK,122,09WZ9QAT836381,1,131
CHROMEBOOK,122,09WZ9QAT836371,1,1
CHROMEBOOK,122,09WZ9QAT835553,1,131
CHROMEBOOK,122,09WZ9QAT836376,1,1
CHROMEBOOK,122,09WZ9QAT836377,1,1
CHROMEBOOK,122,09WZ9QAT836379,1,1
CHROMEBOOK,122,09WZ9QAT836380,1,1
CHROMEBOOK,122,09WZ9QAT835382,1,131
CHROMEBOOK,122,09WZ9QAT836384,1,1
CHROMEBOOK,122,09WZ9QAT836386,1,1
CHROMEBOOK,122,09WZ9QAT836437,1,131
CHROMEBOOK,122,09WZ9QAT836382,1,131
CHROMEBOOK,122,09WZ9QAT836188,1,131
CHROMEBOOK,122,09WZ9QAT836388,1,1
CHROMEBOOK,122,09WZ9QAT836390,1,1
CHROMEBOOK,122,09WZ9QAT836391,1,1
CHROMEBOOK,122,09WZ9QAT836393,1,1
CHROMEBOOK,122,09WZ9QAT836401,1,1
CHROMEBOOK,122,09WZ9QAT836399,1,131
CHROMEBOOK,122,09WZ9QAT836421,1,131
CHROMEBOOK,122,09WZ9QAT836403,1,1
CHROMEBOOK,122,09WZ9QAT836404,1,1
CHROMEBOOK,122,09WZ9QAT836405,1,1
CHROMEBOOK,122,09WZ9QAT836407,1,1
CHROMEBOOK,122,09WZ9QAT836171,1,131
CHROMEBOOK,122,09WZ9QAT836408,1,1
CHROMEBOOK,122,09WZ9QAT836387,1,131
CHROMEBOOK,122,09WZ9QAT836340,1,131
CHROMEBOOK,122,09WZ9QAT836412,1,1
CHROMEBOOK,122,09WZ9QAT836413,1,1
CHROMEBOOK,122,09WZ9QAT836417,1,1
CHROMEBOOK,122,09WZ9QAT835380,1,131
CHROMEBOOK,122,09WZ9QAT836419,1,1
CHROMEBOOK,122,09WZ9QAT836425,1,1
CHROMEBOOK,122,09WZ9QAT836427,1,1
CHROMEBOOK,122,09WZ9QAT836431,1,1
CHROMEBOOK,122,09WZ9QAT836432,1,1
CHROMEBOOK,122,09WZ9QAT836409,1,131
CHROMEBOOK,122,09WZ9QAT836433,1,1
CHROMEBOOK,122,09WZ9QAT833332,1,131
CHROMEBOOK,122,09WZ9QAT836434,1,1
CHROMEBOOK,122,09WZ9QAT836434,1,1
CHROMEBOOK,122,09WZ9QAT835387,1,131
CHROMEBOOK,122,09WZ9QAT836436,1,1
CHROMEBOOK,122,09WZ9QAT836424,1,131
CHROMEBOOK,122,09WZ9QAT836438,1,1
CHROMEBOOK,122,09X09QAT802284,1,131
CHROMEBOOK,122,09X09QAT801669,1,1
CHROMEBOOK,122,09X09QAT801884,1,1
CHROMEBOOK,122,09X09QAT801938,1,1
CHROMEBOOK,122,09X09QAT801956,1,1
CHROMEBOOK,122,09X09QAT802000,1,1
CHROMEBOOK,122,09X09QAT802065,1,1
CHROMEBOOK,122,09X09QAT802159,1,1
CHROMEBOOK,122,09X09QAT802204,1,1
CHROMEBOOK,122,09X09QAT914360,1,131
CHROMEBOOK,122,09X09QAT905730,1,1
CHROMEBOOK,122,09X09QAT907225,1,1
CHROMEBOOK,122,09X09QAT913831,1,1
CHROMEBOOK,122,09X09QAT801578,1,131
CHROMEBOOK,122,09X09QAT914119,1,1
CHROMEBOOK,122,09X09QAT906829,1,131
CHROMEBOOK,122,09X09QAT907035,1,131
CHROMEBOOK,122,09X09QAT914397,1,1
CHROMEBOOK,122,09X09QAT914441,1,1
CHROMEBOOK,122,09X09QAT906935,1,131
CHROMEBOOK,122,09X09QBTC04266,1,131
CHROMEBOOK,122,09X09QAT914586,1,1
CHROMEBOOK,122,09X09QAT914596,1,1
CHROMEBOOK,122,09X09QBTC04898,1,1
CHROMEBOOK,122,09X09QBTC04920,1,1
CHROMEBOOK,122,09X09QBTC05504,1,1
CHROMEBOOK,122,09X09QCT906112,1,131
CHROMEBOOK,122,09X09QBTC06380,1,1
CHROMEBOOK,122,09X09QAT914093,1,131
CHROMEBOOK,122,09X09QCT906138,1,1
CHROMEBOOK,122,09X09QAT836186,1,131